Video publish time,Duration,Likes,Subscribers gained,Dislikes,Likes (vs. dislikes) (%),Shares,Comments added,Engaged views,Average view duration,Average percentage viewed (%),Stayed to watch (%),Unique viewers,Average views per viewer,New viewers,Returning viewers,Casual viewers,Regular viewers,Views,Watch time (hours),Subscribers,Impressions,Impressions click-through rate (%)
,,1625,716,36,97.83,2905,73,307695,0:01:22,12.61,56.86,0,0,0,0,0,0,853484,8138.0097,533,908114,4.09
17-May-25,8425,91,49,7,92.86,495,21,8342,0:07:58,5.68,,,,,,,,8342,1094.9053,48,19732,10.22
6-Feb-23,31,9,3,0,100,41,0,60493,0:00:25,82.2,,,,,,,,347151,1060.0361,3,10223,4.57
15-Dec-25,7618,45,16,1,97.83,214,1,2496,0:13:54,10.96,,,,,,,,2496,578.7114,15,8879,8.5
,31,3,1,1,75,8,1,45342,0:00:28,92.3,,,,,,,,131159,552.5253,1,0,
16-Aug-23,16,3,0,0,100,16,0,76652,0:00:14,91.14,100,,,,,,,197221,541.3222,0,1682,4.46
27-May-25,3283,57,17,3,95,94,4,3936,0:07:32,13.77,,,,,,,,3936,494.2131,17,19414,6.38
27-Feb-25,5342,9,9,0,100,12,0,826,0:32:04,36.02,,,,,,,,826,441.4544,9,45568,0.49
17-May-25,5238,54,14,2,96.43,168,5,2288,0:09:10,10.5,,,,,,,,2288,343.4857,13,10111,8.27
17-May-25,6212,30,15,1,96.77,197,1,1685,0:11:19,10.94,,,,,,,,1685,315.8535,15,8309,5.96
14-Dec-25,4718,45,25,3,93.75,157,2,2859,0:05:56,7.56,,,,,,,,2859,282.4566,22,8685,9.12
14-Aug-25,3719,6,2,0,100,15,1,668,0:21:41,26.92,,,,,,,,668,241.4351,1,6538,1.99
1-May-23,60,488,19,7,98.59,648,12,18886,0:00:38,64.92,64.48,,,,,,,26865,207.2045,18,124034,6.36
17-May-25,5155,19,8,0,100,82,2,1428,0:08:46,10.22,,,,,,,,1428,196.7942,8,5718,7.71
22-Aug-23,246,30,13,0,100,92,0,5106,0:01:45,42.98,,,,,,,,5106,149.9588,13,24226,12.85
6-Nov-23,50,1,0,0,100,9,0,931,0:06:25,771.82,,,,,,,,931,99.8011,0,7343,6.22
28-Oct-25,2341,6,21,0,100,5,0,338,0:15:45,40.37,,,,,,,,338,88.7311,20,2607,2.03
,28,0,0,0,,2,0,3518,0:00:22,81.58,,,,,,,,33209,84.5335,0,0,
8-Apr-25,1981,6,3,1,85.71,13,0,1044,0:04:24,13.37,,,,,,,,1044,76.8233,2,3972,2.84
12-Nov-25,1592,18,4,0,100,11,1,716,0:05:36,21.17,,,,,,,,716,67.0217,4,6787,5.07
22-Jun-22,206,8,6,0,100,15,2,2172,0:01:31,44.23,100,,,,,,,2172,54.9775,6,10321,13.04
4-Mar-25,2233,7,2,0,100,11,2,366,0:07:58,21.41,,,,,,,,366,48.6083,2,4973,2.33
21-Oct-25,2060,5,4,0,100,8,0,393,0:07:23,21.55,,,,,,,,393,48.4605,2,9554,1.54
,31,0,0,0,,0,0,6166,0:00:28,90.66,,,,,,,,6166,48.1372,0,0,
18-Mar-25,1837,9,1,2,81.82,15,0,263,0:07:12,23.56,,,,,,,,263,31.6158,1,4636,2.07
4-Feb-25,1297,10,0,0,100,5,0,288,0:05:48,26.84,,,,,,,,288,27.8494,0,3141,2.42
,16,0,1,0,,0,0,6650,0:00:14,93.72,100,,,,,,,6650,27.6985,1,0,
,640,2,1,0,100,0,0,255,0:06:05,57.15,,,,,,,,255,25.906,1,4,0
16-Dec-24,6204,2,1,1,66.67,11,0,549,0:02:41,2.6,,,,,,,,549,24.5634,1,3032,11.54
9-Sep-25,2334,3,0,0,100,4,0,196,0:06:33,16.86,,,,,,,,196,21.4208,0,2454,1.75
18-Feb-25,1321,4,3,0,100,4,0,298,0:04:02,18.36,,,,,,,,298,20.0777,3,8029,1.23
,16,0,1,0,,0,0,4637,0:00:15,94.4,100,,,,,,,4641,19.4544,0,0,
12-Apr-23,1185,3,1,0,100,8,0,342,0:03:18,16.71,100,,,,,,,342,18.8166,1,2859,2.52
,152,3,3,0,100,13,0,913,0:01:12,47.89,,,,,,,,913,18.4595,3,156,3.85
6-May-25,1249,6,2,0,100,14,0,263,0:03:55,18.89,,,,,,,,263,17.2343,2,4149,1.93
21-May-23,12506,0,1,0,,1,0,336,0:02:58,1.42,,,,,,,,336,16.5488,1,5938,2.54
8-Oct-25,1846,0,2,0,,0,0,172,0:05:38,18.36,,,,,,,,172,16.1913,2,3001,1.7
24-Oct-20,1231,2,1,0,100,8,0,269,0:03:35,17.49,,,,,,,,269,16.0846,1,1141,4.47
28-Oct-22,127,2,4,0,100,31,0,759,0:01:09,54.73,,,,,,,,759,14.6534,4,6821,5.94
12-May-24,8766,3,0,0,100,3,0,271,0:03:04,2.1,,,,,,,,271,13.6761,0,1865,8.9
12-Dec-21,11551,0,1,0,,1,0,138,0:05:41,2.96,,,,,,,,138,13.0922,1,1259,7.39
7-May-21,221,1,0,0,100,2,0,352,0:02:12,60.09,,,,,,,,352,12.985,0,1972,2.89
,891,2,1,0,100,2,0,121,0:06:04,40.92,,,,,,,,121,12.2549,1,113,12.39
17-Jan-20,156,0,0,0,,0,0,527,0:01:21,52.37,,,,,,,,527,11.959,0,988,2.63
30-Apr-18,46,1,0,0,100,2,0,1326,0:00:32,70,,,,,,,,1326,11.8596,0,513,4.48
5-Jan-26,156,10,2,0,100,12,0,606,0:01:10,45.02,,,,,,,,606,11.8236,1,1499,4.74
6-Jan-26,171,4,1,0,100,14,0,485,0:01:26,50.86,,,,,,,,485,11.7176,1,980,5.1
,20,0,0,0,,0,0,2230,0:00:18,92.06,,,,,,,,2230,11.4052,0,0,
4-Dec-25,1814,1,1,0,100,0,0,113,0:06:00,19.87,,,,,,,,113,11.3136,1,1469,2.04
17-Apr-23,60,37,0,1,97.37,9,1,1013,0:00:38,64.45,67.57,,,,,,,1450,11.0051,0,24645,2.32
28-Mar-25,105,3,0,0,100,5,0,624,0:01:02,59.88,,,,,,,,624,10.8981,0,3528,3.29
3-Jun-25,142,13,1,0,100,30,0,651,0:00:58,41.06,,,,,,,,651,10.5442,0,3386,5.49
9-Feb-26,187,3,1,0,100,6,0,391,0:01:35,51.04,,,,,,,,391,10.3661,1,500,6
10-Jul-25,290,12,1,0,100,9,0,328,0:01:48,37.35,,,,,,,,328,9.8691,1,3140,4.97
,149,1,1,0,100,2,0,399,0:01:28,59.65,,,,,,,,399,9.8509,1,286,2.8
17-Dec-23,10645,1,0,0,100,2,0,199,0:02:59,1.68,,,,,,,,199,9.8498,0,1092,11.81
1-Feb-22,64,-1,2,0,100,7,0,803,0:00:43,68.43,,,,,,,,803,9.7693,2,4488,7.87
18-Nov-24,22,65,22,0,100,5,4,1497,0:00:22,104.43,70.6,,,,,,,2447,9.7202,21,32602,3.5
,28,0,0,0,,0,0,351,0:00:25,90.33,100,,,,,,,3850,9.4992,0,0,
3-Sep-25,122,11,2,0,100,11,0,485,0:01:10,57.7,,,,,,,,485,9.4842,2,2386,5.83
,158,3,0,0,100,6,0,435,0:01:16,48.42,,,,,,,,435,9.2447,0,168,2.38
,156,3,0,0,100,6,0,359,0:01:31,58.59,,,,,,,,359,9.1145,0,151,3.97
5-Jul-23,280,5,2,0,100,2,0,254,0:02:06,45.04,,,,,,,,254,8.8985,2,1792,5.75
3-Nov-20,156,1,2,0,100,3,0,607,0:00:51,33.07,,,,,,,,607,8.699,2,6486,6.72
24-Oct-19,171,0,0,0,,4,0,254,0:02:00,70.45,,,,,,,,254,8.4994,0,777,1.42
23-Aug-23,36,32,8,0,100,5,0,1299,0:00:22,62.73,66.04,,,,,,,1920,8.3783,8,26811,3.81
,31,0,0,0,,0,0,1173,0:00:25,81.49,,,,,,,,1173,8.2315,0,0,
16-Dec-24,7257,-1,0,0,100,2,1,133,0:03:34,2.96,,,,,,,,133,7.9313,0,1882,4.57
15-May-22,8885,2,1,0,100,4,0,85,0:05:27,3.68,,,,,,,,85,7.6771,1,794,7.18
7-Jul-21,56,1,1,0,100,6,0,676,0:00:40,71.63,,,,,,,,676,7.5322,1,2102,4.47
14-May-23,7143,-1,1,0,100,7,0,165,0:02:36,2.2,,,,,,,,165,7.19,1,599,9.52
,162,4,3,0,100,13,0,252,0:01:37,60.07,,,,,,,,252,6.8121,3,219,2.28
12-May-24,9347,-1,0,0,100,0,0,178,0:02:14,1.44,,,,,,,,178,6.6238,0,940,8.3
1-Mar-24,2940,0,1,0,,0,0,77,0:05:04,10.34,,,,,,,,77,6.5042,1,507,2.96
10-Dec-25,107,5,0,0,100,2,1,289,0:01:20,75.68,,,,,,,,289,6.5005,0,1181,4.06
22-May-23,49,23,1,0,100,2,0,532,0:00:41,85.06,80.49,,,,,,,783,6.193,1,5883,4.73
7-Jan-26,173,2,1,0,100,9,0,236,0:01:32,53.37,,,,,,,,236,6.0525,1,1369,1.97
14-Nov-23,1262,-1,0,0,100,1,0,93,0:03:51,18.31,,,,,,,,93,5.9689,0,912,2.85
19-Sep-24,2055,0,0,0,,0,0,47,0:07:35,22.16,,,,,,,,47,5.9467,0,1230,1.71
25-Jun-25,139,12,2,0,100,3,0,430,0:00:48,35.23,51.94,,,,,,,652,5.9298,2,5933,3.22
6-Feb-26,145,0,0,0,,12,0,277,0:01:16,52.9,,,,,,,,277,5.9019,0,679,1.91
,83,0,0,0,,2,0,323,0:01:04,77.79,,,,,,,,323,5.793,0,0,
,196,0,0,0,,7,0,192,0:01:48,55.29,,,,,,,,192,5.7802,0,84,1.19
3-May-24,176,1,0,0,100,10,0,163,0:02:05,71.11,,,,,,,,163,5.6666,0,731,1.23
12-May-24,9860,-1,1,0,100,2,0,168,0:02:01,1.23,,,,,,,,168,5.6519,1,1026,9.55
29-Oct-24,75,1,1,0,100,12,0,401,0:00:49,66.58,,,,,,,,401,5.5619,1,1586,6.24
,63,0,0,0,,0,0,396,0:00:49,79.19,,,,,,,,396,5.4878,0,25,0
17-Jul-25,153,18,3,0,100,2,1,356,0:00:53,35.21,54.77,,,,,,,596,5.411,3,6113,3.73
1-Dec-23,56,16,4,0,100,1,0,510,0:00:33,60.69,72.54,,,,,,,658,4.8683,4,8727,2.53
,177,1,1,0,100,3,0,164,0:01:38,55.8,,,,,,,,164,4.4997,1,177,4.52
20-May-23,6301,3,0,0,100,1,0,153,0:01:44,1.66,,,,,,,,153,4.4293,0,2452,3.06
,144,0,1,0,,4,0,183,0:01:23,58.07,,,,,,,,183,4.2506,1,262,3.05
21-Jun-21,8239,1,0,0,100,0,0,26,0:09:47,7.13,,,,,,,,26,4.2418,0,290,1.72
15-Dec-22,1779,0,1,0,,0,0,45,0:05:32,18.69,,,,,,,,45,4.1563,1,781,3.59
25-Sep-24,61,4,2,0,100,4,1,404,0:00:36,59.42,,,,,,,,404,4.0677,2,1227,4.4
19-Aug-24,82,0,0,0,,1,0,280,0:00:52,63.7,,,,,,,,280,4.0627,0,951,2.63
8-Mar-23,1109,0,0,0,,2,0,58,0:04:03,21.99,,,,,,,,58,3.9281,0,1166,2.92
,190,0,0,0,,5,0,137,0:01:42,53.81,,,,,,,,137,3.8907,0,107,0.93
2-Feb-26,127,8,0,0,100,10,1,213,0:01:03,50.27,,,,,,,,213,3.7777,0,468,5.98
,183,0,0,0,,3,0,153,0:01:28,48.36,,,,,,,,153,3.7615,0,102,1.96
1-Sep-23,57,1,0,0,100,4,0,333,0:00:39,68.6,,,,,,,,333,3.6169,0,2919,2.36
6-Feb-26,169,0,0,0,,8,0,150,0:01:26,50.96,,,,,,,,150,3.5886,0,453,3.75
2-Apr-21,3247,0,0,0,,0,0,105,0:02:02,3.76,,,,,,,,105,3.5628,0,668,6.44
10-May-23,51,12,0,0,100,1,0,341,0:00:36,71.68,52.02,,,,,,,616,3.5584,0,10225,1.27
23-Apr-21,3583,0,0,0,,0,0,37,0:05:31,9.26,,,,,,,,37,3.4091,0,288,7.99
11-Apr-24,1410,0,0,0,,2,0,47,0:04:12,17.94,,,,,,,,47,3.303,0,989,1.92
,164,0,0,0,,0,0,151,0:01:18,47.76,,,,,,,,151,3.2851,0,25,20
4-Sep-24,229,2,0,0,100,1,0,204,0:00:57,25.16,,,,,,,,204,3.2646,0,2364,3.05
8-Oct-24,1414,0,2,0,,2,0,110,0:01:46,7.54,,,,,,,,110,3.2577,1,1439,2.99
,187,1,0,0,100,2,0,148,0:01:18,42.05,,,,,,,,148,3.2328,0,144,0.69
21-Jul-25,180,9,2,0,100,1,0,143,0:01:14,41.49,32.63,,,,,,,396,3.0559,2,1761,1.36
28-Mar-25,57,4,0,1,80,7,0,297,0:00:34,60.92,,,,,,,,297,2.8648,-1,3504,4.2
9-Oct-25,22,17,1,0,100,0,0,724,0:00:12,55.5,35.04,,,,,,,1882,2.7804,1,4574,2.78
1-Jun-23,74,0,0,0,,3,0,209,0:00:47,63.56,,,,,,,,209,2.7307,0,1517,0.86
12-Dec-24,38,14,2,0,100,2,0,527,0:00:18,48.12,75,,,,,,,703,2.7207,2,8934,3.13
,158,1,0,0,100,6,0,113,0:01:23,52.89,,,,,,,,113,2.6231,0,124,3.23
20-May-25,85,4,1,0,100,6,0,178,0:00:48,57.45,,,,,,,,178,2.4144,1,3325,3.49
31-May-23,103,0,0,0,,3,0,146,0:00:58,57.04,,,,,,,,146,2.3827,0,1900,1.21
6-Aug-20,147,1,0,0,100,2,0,105,0:01:20,54.92,,,,,,,,105,2.3547,0,112,0
24-Apr-23,27,21,0,0,100,1,0,572,0:00:14,52.22,61.69,,,,,,,869,2.3532,0,18707,1.71
20-Mar-25,10,24,4,0,100,4,1,426,0:00:19,192.21,38.53,,,,,,,852,2.3336,4,6794,3.19
18-Dec-22,8879,2,0,0,100,0,0,49,0:02:51,1.93,,,,,,,,49,2.331,0,689,3.05
4-Aug-25,161,10,0,1,90.91,5,0,181,0:00:42,26.47,47.54,,,,,,,341,2.2081,0,3225,3.1
2-Dec-25,64,4,0,0,100,0,1,99,0:01:16,119.29,37.6,,,,,,,246,2.1502,0,1106,4.07
9-May-25,56,4,1,0,100,3,2,243,0:00:31,56.67,,,,,,,,243,2.1423,1,4018,2.81
16-Sep-22,52,0,0,0,,0,0,215,0:00:35,68.02,,,,,,,,215,2.1123,0,2097,2.38
17-May-22,1978,0,0,0,,0,0,42,0:02:56,8.93,,,,,,,,42,2.0615,0,477,3.77
2-Jun-25,151,6,0,0,100,2,0,217,0:00:33,21.87,51.22,,,,,,,357,2.0463,0,2732,2.71
27-Jun-25,139,6,0,0,100,2,0,144,0:00:49,35.89,51.7,,,,,,,244,2.0295,0,2067,3.48
12-Nov-24,2527,0,0,0,,0,0,54,0:02:10,5.15,,,,,,,,54,1.9518,0,1600,1.75
,174,0,0,0,,2,0,82,0:01:24,48.52,,,,,,,,82,1.9228,0,92,4.35
30-Jun-25,157,8,2,0,100,2,0,154,0:00:43,27.96,50.19,,,,,,,268,1.9196,1,1650,3.94
,16,0,0,0,,2,0,476,0:00:14,89.94,,,,,,,,476,1.9028,0,0,
5-Nov-18,118,0,0,0,,0,0,123,0:00:55,46.87,,,,,,,,123,1.8898,0,151,3.97
12-Jul-25,175,12,0,0,100,1,0,120,0:00:55,31.59,47.58,,,,,,,238,1.8818,0,1808,2.43
4-Jun-25,166,7,2,1,87.5,2,0,152,0:00:42,25.9,43.47,,,,,,,317,1.8644,2,1981,2.98
30-Sep-22,3528,0,1,0,,0,0,45,0:02:28,4.22,,,,,,,,45,1.86,1,225,1.33
14-Mar-25,22,10,0,0,100,0,0,428,0:00:14,66.72,43.95,,,,,,,785,1.8555,0,9708,2.61
12-Oct-20,31,0,0,0,,2,0,265,0:00:25,80.75,,,,,,,,265,1.8427,0,225,0.44
14-Mar-24,1670,0,0,0,,0,0,33,0:03:20,12.01,,,,,,,,33,1.8389,0,897,1.9
2-Jun-23,100,0,0,0,,3,0,107,0:01:01,61.08,,,,,,,,107,1.8153,0,1195,1.26
23-Jan-25,106,3,0,0,100,1,0,146,0:00:42,39.89,58.06,,,,,,,185,1.7296,0,2506,1.76
11-Mar-25,101,3,0,0,100,0,0,85,0:01:10,69.98,35.65,,,,,,,117,1.6796,0,1266,1.34
7-Jun-19,195,0,0,0,,0,0,64,0:01:34,48.34,,,,,,,,64,1.6758,0,135,5.19
18-May-23,8658,2,1,0,100,1,0,40,0:02:29,1.73,,,,,,,,40,1.6659,1,612,5.07
20-Sep-22,58,1,0,0,100,6,0,152,0:00:38,66.49,,,,,,,,152,1.6283,0,2328,1.55
13-May-23,8090,1,0,0,100,0,0,83,0:01:09,0.86,,,,,,,,83,1.6052,0,387,11.89
20-Jul-20,6,7,1,0,100,1,2,913,0:00:06,100.47,,,,,,,,913,1.5288,1,3975,17.38
,297,0,0,0,,0,0,48,0:01:54,38.41,,,,,,,,48,1.5211,0,0,
13-May-23,9233,-2,0,0,100,0,0,63,0:01:24,0.92,,,,,,,,63,1.4811,0,424,9.43
18-Aug-25,73,4,2,0,100,0,0,126,0:00:42,57.54,,,,,,,,126,1.47,2,1781,3.26
16-May-19,145,0,0,0,,5,0,73,0:01:10,48.82,,,,,,,,73,1.4353,0,336,4.17
14-Apr-21,65,0,1,0,,1,0,146,0:00:35,54.21,,,,,,,,146,1.4291,1,2891,3.46
30-Jul-25,59,1,1,0,100,3,0,138,0:00:36,62.7,,,,,,,,138,1.4182,1,2239,3.08
14-May-22,9739,-1,0,0,100,0,0,58,0:01:25,0.88,,,,,,,,58,1.3737,0,400,11.5
11-Dec-24,121,4,0,0,100,1,0,113,0:00:42,35.32,,,,,,,,113,1.3415,0,1510,2.85
31-Aug-22,70,1,0,1,50,0,0,85,0:00:56,80.88,,,,,,,,85,1.3368,0,1718,1.51
14-Feb-25,47,11,1,0,100,0,1,298,0:00:15,33.65,55.02,,,,,,,346,1.3299,1,2829,0.64
9-Jul-25,167,5,1,0,100,1,0,134,0:00:34,20.37,35.39,,,,,,,305,1.3271,1,4421,1.22
21-Sep-22,1731,0,0,0,,1,0,27,0:02:51,9.92,,,,,,,,27,1.2874,0,557,3.95
12-May-23,1133,0,0,0,,1,0,44,0:01:44,9.26,,,,,,,,44,1.2822,0,630,2.7
14-May-22,8616,0,0,0,,0,0,38,0:01:56,1.36,,,,,,,,38,1.2341,0,325,8
9-Mar-22,1712,0,0,0,,1,0,28,0:02:33,8.94,,,,,,,,28,1.1905,0,416,4.09
28-Jul-25,160,10,2,0,100,0,0,132,0:00:29,18.19,25.54,,,,,,,471,1.1836,1,1907,1.26
20-May-19,123,0,0,0,,0,0,66,0:01:03,51.62,,,,,,,,66,1.1641,0,378,6.88
10-May-23,948,0,0,0,,0,0,33,0:02:05,13.24,,,,,,,,33,1.1502,0,790,2.03
14-Jul-25,155,6,0,0,100,0,0,106,0:00:37,23.97,42.92,,,,,,,225,1.1365,0,2309,1.73
14-May-21,3951,-1,0,0,100,1,0,15,0:04:29,6.83,,,,,,,,15,1.1247,0,269,4.46
2-Aug-21,50,2,0,0,100,0,0,126,0:00:31,62.92,,,,,,,,126,1.1012,0,995,2.71
21-Jul-25,180,6,0,0,100,0,0,155,0:00:22,12.3,20.32,,,,,,,590,1.1012,0,1985,1.66
30-Aug-19,61,0,0,0,,0,0,99,0:00:39,64.88,,,,,,,,99,1.0884,0,890,7.08
1-Mar-18,60,1,0,0,100,2,0,118,0:00:33,55.21,,,,,,,,118,1.0857,0,2000,3.75
6-Dec-24,31,5,1,0,100,0,0,171,0:00:21,69.45,67.71,,,,,,,262,1.0442,1,2951,3.08
15-May-21,5380,0,0,0,,0,0,19,0:03:14,3.62,,,,,,,,19,1.0279,0,345,3.48
4-Jun-25,180,1,1,0,100,0,0,98,0:00:35,19.65,43.54,,,,,,,204,0.9992,1,2432,1.56
12-Feb-24,2102,-1,0,0,100,0,0,36,0:01:36,4.61,,,,,,,,36,0.9685,0,956,2.3
14-Aug-24,3101,0,0,0,,0,0,29,0:01:57,3.79,,,,,,,,29,0.9467,0,620,1.45
20-Sep-17,58,0,0,0,,2,0,87,0:00:38,66.95,,,,,,,,87,0.9384,0,936,7.8
14-May-21,6265,-1,0,0,100,0,0,19,0:02:57,2.83,,,,,,,,19,0.937,0,225,4
26-Aug-19,118,-1,0,0,100,0,0,31,0:01:47,91.11,,,,,,,,31,0.9258,0,312,2.88
9-Feb-23,961,0,0,0,,0,0,28,0:01:58,12.35,,,,,,,,28,0.9229,0,572,3.67
,136,0,0,0,,2,0,27,0:02:02,90.21,,,,,,,,27,0.9202,0,0,
1-Aug-25,168,4,0,0,100,0,0,104,0:00:27,16.53,21.68,,,,,,,423,0.9018,0,1655,1.57
17-Dec-20,116,0,0,0,,0,0,49,0:01:02,53.88,,,,,,,,49,0.8508,0,1131,2.03
,76,0,0,0,,7,0,69,0:00:44,58.08,,,,,,,,69,0.846,0,0,
10-May-24,1024,0,0,0,,0,0,36,0:01:23,8.13,,,,,,,,36,0.8324,0,406,2.71
,32,0,0,0,,0,0,39,0:00:24,75.49,60,,,,,,,338,0.828,0,0,
15-May-21,5601,0,0,0,,0,0,24,0:02:02,2.19,,,,,,,,24,0.8179,0,322,3.73
3-Dec-24,1554,0,0,0,,0,0,26,0:01:53,7.27,,,,,,,,26,0.8164,0,1644,1.22
6-May-21,1246,0,0,0,,0,0,23,0:02:05,10.11,,,,,,,,23,0.8046,0,1962,0.76
21-Nov-22,2050,0,0,0,,0,0,17,0:02:50,8.31,,,,,,,,17,0.8042,0,579,2.59
28-Jul-25,177,3,0,1,75,0,0,84,0:00:32,18.3,36.04,,,,,,,191,0.7938,0,1507,1.06
20-May-25,43,7,1,2,77.78,0,0,108,0:00:20,48.11,21.88,,,,,,,440,0.7701,1,1346,2.01
16-Jul-25,147,8,0,0,100,1,0,84,0:00:31,21.23,37.62,,,,,,,197,0.7687,0,1359,2.43
13-Dec-23,125,0,0,0,,0,0,49,0:00:56,44.82,,,,,,,,49,0.7626,0,1397,1.07
9-May-19,3601,0,0,0,,0,0,5,0:09:09,15.25,,,,,,,,5,0.7626,0,170,1.18
22-Dec-23,60,3,0,0,100,0,0,88,0:00:30,51.07,70.69,,,,,,,112,0.7562,0,1985,2.87
15-Sep-21,71,0,0,0,,1,0,54,0:00:50,70.88,,,,,,,,54,0.7548,0,1097,0.18
12-May-23,40,1,0,0,100,0,0,127,0:00:19,49.73,51.93,,,,,,,205,0.7278,0,4800,1.98
18-Dec-18,109,0,0,0,,0,0,26,0:01:40,91.87,,,,,,,,26,0.7232,0,145,3.45
20-Mar-19,174,-1,0,0,100,0,0,33,0:01:18,44.94,,,,,,,,33,0.7168,0,749,1.87
3-Oct-19,60,0,0,0,,0,0,67,0:00:37,63.07,,,,,,,,67,0.7043,0,426,3.52
2-Jul-24,325,0,0,0,,0,0,23,0:01:49,33.7,,,,,,,,23,0.6997,0,863,0.58
3-Jun-23,70,0,0,0,,3,0,64,0:00:38,55.59,,,,,,,,64,0.6918,0,1683,2.26
15-May-21,5831,0,0,0,,0,0,12,0:03:24,3.51,,,,,,,,12,0.6825,0,312,2.88
10-May-23,53,1,0,0,100,0,0,90,0:00:25,48.57,50.63,,,,,,,142,0.6692,0,4949,1.11
17-Dec-24,56,3,0,0,100,0,1,115,0:00:19,35.66,56.02,,,,,,,169,0.6577,0,2877,1.53
18-Jul-25,164,7,0,0,100,0,0,86,0:00:25,15.37,29.43,,,,,,,245,0.6547,0,1218,1.4
,233,0,0,0,,0,0,22,0:01:46,45.63,,,,,,,,22,0.6497,0,0,
24-Dec-24,66,1,0,0,100,0,0,89,0:00:25,38.67,57.14,,,,,,,129,0.6465,0,1517,2.64
29-Aug-23,133,0,1,0,,1,0,47,0:00:49,37.19,,,,,,,,47,0.6457,1,1408,2.56
18-Jul-25,153,5,0,0,100,0,0,57,0:00:38,25.04,29.95,,,,,,,182,0.6432,0,1906,0.68
3-Oct-25,59,2,0,0,100,0,0,96,0:00:21,36.52,40.87,,,,,,,222,0.6275,0,1247,1.36
6-Jun-18,134,0,0,0,,0,0,41,0:00:54,40.61,,,,,,,,41,0.6198,0,606,3.3
,35,0,0,0,,1,0,49,0:00:44,126.05,54.55,,,,,,,60,0.6033,0,0,
3-May-19,65,0,0,0,,0,0,42,0:00:51,79.04,,,,,,,,42,0.5994,0,222,3.15
13-May-21,3446,0,0,0,,0,0,14,0:02:31,4.39,,,,,,,,14,0.5887,0,81,2.47
14-Mar-23,47,0,0,0,,0,0,77,0:00:26,56.77,63.55,,,,,,,107,0.5807,0,2463,2.27
,31,0,0,0,,0,0,86,0:00:24,78.03,,,,,,,,86,0.5779,0,0,
16-Aug-19,79,0,0,0,,0,0,36,0:00:56,71.75,,,,,,,,36,0.5668,0,439,2.51
12-May-23,57,3,0,0,100,0,0,69,0:00:28,50.76,62.77,,,,,,,102,0.5659,0,1825,2.63
26-Sep-25,60,1,0,0,100,0,0,94,0:00:19,32.64,36.36,,,,,,,247,0.5656,0,1077,0.74
,88,0,0,0,,5,0,26,0:01:18,88.99,,,,,,,,26,0.5656,0,0,
22-Jun-22,23,0,0,0,,0,0,114,0:00:17,74.4,100,,,,,,,114,0.5419,0,990,7.37
31-Mar-21,5743,0,0,0,,1,0,15,0:02:06,2.2,,,,,,,,15,0.5255,0,978,0.92
9-Jun-25,145,0,0,0,,0,0,55,0:00:33,22.92,58.97,,,,,,,81,0.5188,0,844,3.32
19-Oct-20,1589,0,0,0,,0,0,41,0:00:44,2.83,,,,,,,,41,0.512,0,640,5.63
18-Dec-18,53,0,0,0,,0,0,53,0:00:34,65.36,,,,,,,,53,0.51,0,481,3.74
7-Apr-22,1719,0,0,0,,0,0,16,0:01:54,6.65,,,,,,,,16,0.5084,0,408,3.19
22-May-20,3058,0,0,0,,0,0,5,0:06:02,11.86,,,,,,,,5,0.5036,0,79,2.53
7-Nov-24,20,3,0,0,100,0,0,114,0:00:15,76.32,57.51,,,,,,,204,0.5003,0,3048,1.87
2-Apr-20,94,0,0,0,,0,0,34,0:00:51,54.58,,,,,,,,34,0.4846,0,226,3.1
22-Jan-25,67,1,0,0,100,1,0,56,0:00:30,46.07,,,,,,,,56,0.4801,0,1305,1.76
14-Sep-23,40,1,0,0,100,0,0,69,0:00:23,59.93,52.08,,,,,,,110,0.4797,0,2471,1.13
16-May-24,56,1,0,0,100,2,0,68,0:00:25,44.9,68.89,,,,,,,80,0.4796,0,1649,1.88
2-Sep-21,52,0,0,0,,0,0,46,0:00:37,71.92,,,,,,,,46,0.4778,0,687,2.62
12-Dec-23,1826,0,0,0,,0,0,20,0:01:25,4.67,,,,,,,,20,0.474,0,803,1.62
7-May-24,1071,1,0,0,100,0,0,43,0:00:39,3.68,,,,,,,,43,0.4705,0,1401,2.07
13-Sep-23,42,0,0,0,,2,0,57,0:00:29,69.2,,,,,,,,57,0.4602,0,637,2.04
12-May-23,48,3,0,0,100,0,0,102,0:00:15,33.16,73.53,,,,,,,120,0.4593,0,4535,1.61
22-Jan-21,98,-1,0,0,100,1,0,43,0:00:37,38.35,,,,,,,,43,0.4489,0,947,3.06
14-May-21,4810,0,0,0,,0,0,9,0:02:56,3.68,,,,,,,,9,0.4423,0,169,3.55
5-Mar-24,3156,0,0,0,,0,0,15,0:01:43,3.29,,,,,,,,15,0.4321,0,379,0.26
5-Jul-18,128,0,0,0,,2,0,19,0:01:21,63.42,,,,,,,,19,0.4285,0,248,3.23
16-Dec-24,55,1,0,0,100,0,0,81,0:00:18,32.96,52.67,,,,,,,120,0.4229,0,2339,1.28
,125,0,0,0,,0,0,28,0:00:54,43.43,,,,,,,,28,0.4223,0,0,
6-Feb-19,61,0,0,0,,0,0,30,0:00:50,82.96,,,,,,,,30,0.4217,0,317,2.21
28-Jul-20,18,0,0,0,,0,0,93,0:00:16,89.19,,,,,,,,93,0.4148,0,1447,4.63
21-Aug-23,75,-1,0,0,100,0,0,18,0:01:22,109.5,,,,,,,,18,0.4106,0,923,1.08
,43,0,0,0,,1,0,42,0:00:35,81.42,,,,,,,,42,0.4085,0,0,
5-Jan-24,60,0,0,0,,0,0,39,0:00:37,62.35,69.57,,,,,,,55,0.4083,0,902,1.77
8-Dec-23,60,1,0,0,100,1,0,50,0:00:28,47.86,46.15,,,,,,,79,0.406,0,2077,0.82
12-Sep-23,2019,0,0,0,,0,0,24,0:00:59,2.96,,,,,,,,24,0.3983,0,743,2.83
21-Nov-19,67,0,0,0,,0,0,25,0:00:56,84.46,,,,,,,,25,0.393,0,181,2.76
1-Sep-21,54,0,0,0,,0,0,28,0:00:49,90.87,,,,,,,,28,0.3816,0,385,1.56
23-Mar-16,99,0,0,0,,0,0,22,0:01:00,61.26,,,,,,,,22,0.3706,0,253,1.58
29-Oct-21,5125,0,0,0,,0,0,11,0:01:58,2.32,,,,,,,,11,0.3634,0,309,2.27
11-Feb-22,1571,0,0,0,,0,0,15,0:01:26,5.49,,,,,,,,15,0.3593,0,355,4.23
18-Dec-18,71,0,0,0,,0,0,18,0:01:10,99.19,,,,,,,,18,0.3521,0,71,0
10-Oct-23,1625,0,0,0,,0,0,20,0:01:02,3.84,,,,,,,,20,0.3467,0,750,2.27
23-Aug-18,1361,0,0,0,,0,0,2,0:10:22,45.76,,,,,,,,2,0.346,0,30,6.67
7-Jan-19,45,0,0,0,,0,0,32,0:00:38,86.16,,,,,,,,32,0.3446,0,208,5.77
19-Apr-24,53,-2,0,0,100,0,0,27,0:00:43,82.75,32.39,,,,,,,61,0.3418,0,2452,0.41
10-May-23,37,2,0,0,100,0,0,42,0:00:28,77.31,57.97,,,,,,,71,0.3407,0,2313,1.04
18-Dec-18,58,0,0,0,,0,0,21,0:00:55,95.27,,,,,,,,21,0.3223,0,204,1.47
8-Mar-24,60,2,0,0,100,0,0,34,0:00:33,55.48,59.52,,,,,,,45,0.3204,0,663,1.96
20-Sep-17,112,0,0,0,,0,0,43,0:00:25,22.48,,,,,,,,43,0.3008,0,454,7.49
4-Sep-19,50,0,0,0,,0,0,23,0:00:45,90.13,,,,,,,,23,0.2879,0,181,2.21
20-Mar-23,54,0,0,0,,0,0,26,0:00:38,71.85,58.14,,,,,,,40,0.2842,0,1431,1.19
,16,1,0,0,100,1,0,78,0:00:07,49.31,,,,,,,,265,0.2816,0,0,
22-Jan-25,75,0,0,0,,3,0,32,0:00:31,41.93,,,,,,,,32,0.2795,0,1324,1.06
18-Aug-21,3310,0,0,0,,5,0,3,0:05:30,10,,,,,,,,3,0.2758,0,117,2.56
19-Sep-25,30,6,0,0,100,0,0,51,0:00:15,50.28,19.37,,,,,,,234,0.2757,0,1526,0.46
18-May-23,51,0,0,0,,0,0,35,0:00:27,53.16,65.12,,,,,,,54,0.2713,0,1333,1.5
13-Dec-24,76,3,0,0,100,0,0,33,0:00:27,36.52,35.14,,,,,,,60,0.2653,0,838,0.95
18-Dec-19,147,0,1,0,,0,0,15,0:01:02,42.42,,,,,,,,15,0.2598,1,769,1.69
22-Mar-18,91,0,0,0,,0,0,16,0:00:56,62.63,,,,,,,,16,0.2533,0,176,6.82
15-Jan-19,99,0,0,0,,0,0,14,0:01:04,65.29,,,,,,,,14,0.2513,0,205,3.41
3-Aug-20,200,0,0,0,,0,0,11,0:01:21,40.75,,,,,,,,11,0.249,0,317,0.32
1-Apr-24,3579,0,0,0,,0,0,15,0:00:58,1.64,,,,,,,,15,0.2449,0,373,1.88
12-Mar-20,152,0,0,0,,1,0,22,0:00:39,26.27,,,,,,,,22,0.2441,0,642,2.34
11-May-23,864,0,0,0,,0,0,21,0:00:41,4.82,,,,,,,,21,0.2428,0,586,2.22
,118,0,0,0,,2,0,14,0:01:01,51.78,,,,,,,,14,0.2376,0,0,
,31,0,0,0,,1,0,26,0:00:32,106.1,,,,,,,,26,0.2376,0,0,
18-Dec-18,31,0,0,0,,0,0,32,0:00:26,86.06,,,,,,,,32,0.2371,0,270,4.44
11-Nov-21,1431,0,0,0,,0,0,23,0:00:36,2.56,,,,,,,,23,0.2342,0,288,1.04
24-Sep-24,29,0,0,0,,0,0,48,0:00:16,56.89,56.96,,,,,,,76,0.2336,0,1268,2.13
15-Dec-24,43,0,0,0,,0,0,45,0:00:17,41.62,47.37,,,,,,,74,0.2316,0,806,1.12
7-Sep-23,60,0,0,0,,0,0,30,0:00:26,43.34,66.67,,,,,,,44,0.2185,0,1582,0.76
1-Oct-19,39,0,0,0,,0,0,31,0:00:25,64.5,,,,,,,,31,0.2166,0,811,2.22
22-Oct-22,5633,0,0,0,,0,0,3,0:04:07,4.4,,,,,,,,3,0.2064,0,170,1.76
,45,0,0,0,,0,0,12,0:01:01,135.99,85.71,,,,,,,21,0.2047,0,0,
13-Jan-20,64,0,0,0,,1,0,25,0:00:29,45.62,,,,,,,,25,0.2027,0,685,2.77
18-Dec-18,41,0,0,0,,0,0,18,0:00:40,97.81,,,,,,,,18,0.2005,0,90,0
,158,0,0,0,,0,0,6,0:01:56,73.88,,,,,,,,6,0.1945,0,0,
17-Oct-22,81,0,0,0,,0,0,17,0:00:40,50.28,,,,,,,,17,0.1923,0,872,1.83
,87,0,0,0,,0,0,13,0:00:52,60.27,,,,,,,,13,0.1894,0,0,
8-Oct-19,175,0,0,0,,1,0,11,0:01:01,35.26,,,,,,,,11,0.1885,0,91,6.59
23-Oct-24,63,0,0,0,,0,0,27,0:00:23,37.93,39.62,,,,,,,39,0.1843,0,422,1.66
15-Nov-23,83,0,0,0,,0,0,16,0:00:40,49.32,,,,,,,,16,0.1819,0,538,0.19
8-Oct-20,61,0,0,0,,0,0,16,0:00:40,66.2,,,,,,,,16,0.1795,0,506,2.37
19-Jul-18,81,0,0,0,,0,0,25,0:00:25,31.14,,,,,,,,25,0.1752,0,299,6.02
12-May-23,59,1,0,0,100,0,0,27,0:00:22,37.97,48,,,,,,,49,0.1743,0,1712,0.64
13-Dec-24,44,1,0,0,100,0,0,41,0:00:14,33.32,46.34,,,,,,,63,0.1742,0,1527,1.05
,137,0,0,0,,0,0,10,0:01:02,45.43,,,,,,,,10,0.1729,0,0,
7-Aug-19,31,0,0,0,,0,0,30,0:00:20,66.66,,,,,,,,30,0.1722,0,430,1.63
27-Aug-19,199,0,0,0,,0,0,14,0:00:43,21.91,,,,,,,,14,0.1695,0,249,2.01
10-Dec-24,74,0,0,0,,0,0,19,0:00:32,43.32,,,,,,,,19,0.1692,0,1212,0.66
,57,0,0,0,,0,0,20,0:00:29,52.6,,,,,,,,20,0.1666,0,0,
23-Feb-24,60,1,0,0,100,0,0,16,0:00:36,60.24,41.38,,,,,,,24,0.1624,0,408,1.23
16-Jul-20,6,1,0,0,100,0,0,82,0:00:07,117.47,,,,,,,,82,0.1605,0,1054,5.98
30-May-23,133,0,0,0,,0,0,13,0:00:43,32.81,,,,,,,,13,0.1576,0,320,1.56
4-May-23,42,0,0,0,,0,0,16,0:00:35,83.78,,,,,,,,16,0.1564,0,400,1
15-Oct-24,34,0,1,0,,1,0,24,0:00:22,66.95,57.5,,,,,,,35,0.1537,1,626,0.8
20-Mar-23,16,0,0,0,,0,0,53,0:00:10,65.13,,,,,,,,53,0.1534,0,2554,1.49
26-Apr-21,160,0,0,0,,0,0,6,0:01:31,57.16,,,,,,,,6,0.1524,0,195,1.54
26-Sep-24,89,0,1,0,,0,0,16,0:00:33,37.29,,,,,,,,16,0.1475,1,891,0.67
4-Nov-20,105,0,0,0,,0,0,8,0:01:05,62.41,,,,,,,,8,0.1456,0,109,2.75
26-Jun-19,322,0,0,0,,0,0,7,0:01:13,22.98,,,,,,,,7,0.1439,0,109,0.92
31-Jul-14,61,0,0,0,,0,0,16,0:00:32,52.94,,,,,,,,16,0.1435,0,281,2.49
6-Oct-20,129,1,1,0,100,2,0,14,0:00:36,28.58,,,,,,,,14,0.1434,1,364,2.47
11-Feb-21,87,0,0,0,,0,0,19,0:00:26,30.97,,,,,,,,19,0.1422,0,484,2.69
20-May-15,53,0,0,0,,0,0,17,0:00:29,56.04,,,,,,,,17,0.1403,0,440,3.18
13-Feb-23,56,0,0,0,,0,0,22,0:00:22,39.32,45.95,,,,,,,38,0.1402,0,1163,0.95
14-Feb-19,51,0,0,0,,0,0,14,0:00:36,70.6,,,,,,,,14,0.14,0,422,0.47
8-Jan-18,43,0,0,0,,0,0,18,0:00:27,63.59,,,,,,,,18,0.1367,0,331,3.02
6-Nov-19,118,0,0,0,,0,0,9,0:00:53,45.3,,,,,,,,9,0.1336,0,438,1.37
3-Dec-18,103,1,0,0,100,1,0,7,0:01:08,66.66,,,,,,,,7,0.1335,0,115,1.74
8-Nov-22,98,0,0,0,,0,0,9,0:00:53,54.23,,,,,,,,9,0.1329,0,411,1.46
19-Dec-19,153,-1,0,0,100,0,0,8,0:00:59,38.95,,,,,,,,8,0.1324,0,812,0.74
26-May-23,60,0,0,0,,1,0,17,0:00:26,44.47,44.44,,,,,,,38,0.1318,0,507,1.58
20-Oct-23,60,0,0,0,,0,0,22,0:00:20,34.83,62.86,,,,,,,33,0.1301,0,464,0.86
16-Dec-23,604,0,0,0,,0,0,8,0:00:58,9.68,,,,,,,,8,0.1299,0,228,1.32
29-Aug-19,71,0,0,0,,0,0,14,0:00:33,46.65,,,,,,,,14,0.1288,0,341,3.52
23-Jun-20,182,0,0,0,,1,0,6,0:01:17,42.4,,,,,,,,6,0.1286,0,0,
12-May-23,55,0,0,0,,0,0,18,0:00:25,45.62,56.67,,,,,,,28,0.1276,0,2415,0.62
26-Nov-19,91,0,0,0,,0,0,25,0:00:18,20.18,,,,,,,,25,0.1275,0,193,2.07
17-Aug-22,3080,0,0,0,,0,0,9,0:00:50,1.65,,,,,,,,9,0.1268,0,202,1.98
29-Oct-19,47,0,0,0,,0,0,16,0:00:26,57.44,,,,,,,,16,0.12,0,222,2.7
5-Dec-19,398,0,0,0,,0,0,3,0:02:22,35.8,,,,,,,,3,0.1187,0,146,2.05
9-Dec-24,28,0,0,0,,0,0,39,0:00:10,36.05,42.68,,,,,,,62,0.1187,0,1258,0.64
12-Apr-24,60,1,0,0,100,0,0,20,0:00:19,32.84,29.85,,,,,,,47,0.118,0,1722,0.35
,77,0,0,0,,0,0,7,0:00:58,75.61,,,,,,,,7,0.1132,0,5,0
3-Oct-19,31,0,0,0,,0,0,17,0:00:23,77,,,,,,,,17,0.1127,0,448,2.9
19-Apr-18,133,0,0,0,,1,0,9,0:00:44,33.79,,,,,,,,9,0.1123,0,183,1.64
8-May-24,62,0,0,0,,0,0,20,0:00:20,32.4,,,,,,,,20,0.1116,0,740,1.89
19-Dec-19,160,1,0,0,100,0,0,4,0:01:40,62.65,,,,,,,,4,0.1114,0,466,0.21
9-Sep-23,59,1,0,0,100,0,0,21,0:00:18,30.89,47.62,,,,,,,32,0.1097,0,1078,1.02
4-Jan-19,108,0,0,0,,0,0,6,0:01:03,58.71,,,,,,,,6,0.1057,0,86,1.16
9-Feb-26,12,1,,0,100,0,0,21,0:00:14,117.43,31.34,,,,,,,79,0.104,,53,0
6-Dec-24,60,0,0,0,,0,0,22,0:00:16,26.91,45.83,,,,,,,31,0.1029,0,668,1.05
3-Apr-23,46,0,0,0,,0,0,22,0:00:15,33.75,55.26,,,,,,,33,0.1008,0,1188,1.01
20-Nov-19,74,1,0,0,100,0,0,7,0:00:49,67.32,,,,,,,,7,0.0969,0,115,5.22
25-Nov-24,24,0,0,0,,0,0,23,0:00:13,56.72,45.1,,,,,,,40,0.0925,0,999,0.6
22-Mar-24,46,0,0,0,,0,0,16,0:00:19,41.34,30.77,,,,,,,35,0.0916,0,606,0.66
27-Oct-23,57,1,0,0,100,0,0,14,0:00:21,37.67,34.38,,,,,,,29,0.0906,0,1199,0.67
6-Feb-23,31,0,1,0,,1,0,17,0:00:18,59.03,,,,,,,,17,0.0864,1,566,1.41
23-Apr-15,276,0,0,0,,0,0,3,0:01:42,36.98,,,,,,,,3,0.0851,0,74,1.35
,22,0,0,0,,0,0,15,0:00:20,91.74,,,,,,,,15,0.0841,0,0,
1-Mar-18,31,1,0,0,100,0,0,13,0:00:23,74.97,,,,,,,,13,0.0839,0,552,1.99
6-Aug-18,86,0,0,0,,0,0,3,0:01:40,117.03,,,,,,,,3,0.0839,0,152,1.97
,3603,0,0,0,,0,0,1,0:04:56,8.23,,,,,,,,1,0.0824,0,0,
14-Feb-19,1210,0,0,0,,0,0,3,0:01:38,8.11,,,,,,,,3,0.0818,0,60,5
16-Feb-24,52,1,0,0,100,0,0,13,0:00:21,42.27,40,,,,,,,19,0.0809,0,466,0.64
28-Jan-19,1297,0,0,0,,0,0,3,0:01:36,7.48,,,,,,,,3,0.0808,0,124,0.81
12-May-23,38,0,0,0,,0,0,14,0:00:18,48.89,28.57,,,,,,,35,0.0807,0,1209,0.66
8-Jun-20,3277,0,0,0,,0,0,3,0:01:36,2.94,,,,,,,,3,0.0804,0,105,0.95
31-Aug-21,108,0,0,0,,0,0,9,0:00:32,29.67,,,,,,,,9,0.0801,0,320,2.81
24-Mar-15,65,0,0,0,,0,0,7,0:00:40,62.9,,,,,,,,7,0.0795,0,55,3.64
10-May-23,48,0,0,0,,0,0,10,0:00:27,56.68,44.44,,,,,,,17,0.0788,0,1274,0.08
23-Jul-20,13,0,0,0,,0,0,24,0:00:11,90.92,,,,,,,,24,0.0788,0,348,1.15
,118,0,0,0,,0,0,3,0:01:34,80,,,,,,,,3,0.0787,0,0,
9-Apr-19,30,0,0,0,,0,0,18,0:00:15,52.29,,,,,,,,18,0.0784,0,923,1.63
21-Oct-20,21,0,0,0,,0,0,17,0:00:16,78.88,,,,,,,,17,0.0782,0,224,4.91
28-Nov-23,56,0,0,0,,0,0,8,0:00:33,60.36,38.1,,,,,,,16,0.0776,0,496,0
17-Apr-20,652,0,0,0,,0,0,1,0:04:39,42.8,,,,,,,,1,0.0775,0,78,1.28
3-Dec-24,48,0,0,0,,0,0,11,0:00:25,52.57,,,,,,,,11,0.0771,0,1146,0.44
1-Aug-20,70,0,0,0,,0,0,13,0:00:21,30.4,,,,,,,,13,0.0768,0,178,0.56
25-Jun-20,182,0,0,0,,0,0,9,0:00:30,16.59,,,,,,,,9,0.0755,0,405,1.73
12-Apr-21,81,0,0,0,,0,0,5,0:00:54,66.94,,,,,,,,5,0.0753,0,263,0.76
,120,0,0,0,,0,0,2,0:02:15,112.92,,,,,,,,2,0.0753,0,0,
,99,0,0,0,,0,0,2,0:02:13,134.72,,,,,,,,2,0.0741,0,7,14.29
,57,0,0,0,,2,0,6,0:00:44,78,,,,,,,,6,0.0741,0,0,
9-May-19,240,0,0,0,,0,0,4,0:01:06,27.58,,,,,,,,4,0.0735,0,70,2.86
16-Mar-21,92,0,0,0,,0,0,3,0:01:26,93.93,,,,,,,,3,0.072,0,108,2.78
21-Nov-23,52,0,0,0,,0,0,12,0:00:20,38.97,52.38,,,,,,,16,0.0695,0,871,0.8
,29,0,0,0,,4,0,8,0:00:31,111.61,,,,,,,,8,0.0694,0,0,
,65,0,0,0,,1,0,7,0:00:34,52.45,,,,,,,,7,0.0663,0,0,
20-Sep-17,70,0,0,0,,0,0,5,0:00:46,66.05,,,,,,,,5,0.0642,0,235,1.7
29-Dec-23,60,1,1,0,100,0,0,10,0:00:21,36.21,29.41,,,,,,,22,0.0639,1,1105,0.36
30-Mar-21,84,0,0,0,,0,0,6,0:00:36,43.92,,,,,,,,6,0.0615,0,246,1.22
6-Mar-23,47,1,0,0,100,0,0,11,0:00:19,40.95,64.71,,,,,,,18,0.0611,0,440,1.14
10-Feb-20,59,-1,0,0,100,0,0,6,0:00:36,61.77,,,,,,,,6,0.0607,0,179,3.35
22-Jan-21,53,0,0,0,,0,0,8,0:00:27,51.51,,,,,,,,8,0.0607,0,232,1.29
29-Oct-20,15,0,0,0,,0,0,17,0:00:12,85.65,,,,,,,,17,0.0607,0,458,2.84
17-Jun-21,576,0,0,0,,0,0,4,0:00:54,9.47,,,,,,,,4,0.0606,0,217,0.46
,34,0,0,0,,2,0,6,0:00:36,106.37,,,,,,,,6,0.0603,0,0,
8-Jun-20,248,0,0,0,,0,0,7,0:00:30,12.48,,,,,,,,7,0.0602,0,115,5.22
6-Dec-18,49,0,0,0,,0,0,6,0:00:36,73.49,,,,,,,,6,0.06,0,129,3.1
8-Sep-23,51,0,0,0,,0,0,7,0:00:28,55.82,41.18,,,,,,,15,0.0591,0,559,0.72
1-Mar-18,31,0,0,0,,0,0,9,0:00:23,75.34,,,,,,,,9,0.0584,0,437,1.83
17-Aug-20,183,0,0,0,,1,0,10,0:00:20,11.47,,,,,,,,10,0.0583,0,260,1.92
12-Nov-18,183,0,0,0,,0,0,5,0:00:41,22.6,,,,,,,,5,0.0575,0,143,1.4
11-Dec-23,3761,0,0,0,,0,0,4,0:00:50,1.34,,,,,,,,4,0.0561,0,284,1.06
6-Jun-22,138,0,0,0,,0,0,7,0:00:27,20.1,,,,,,,,7,0.0539,0,293,1.02
8-Jun-20,257,0,0,0,,0,0,4,0:00:48,18.85,,,,,,,,4,0.0538,0,88,4.55
24-Mar-21,79,0,0,0,,0,0,5,0:00:38,48.89,,,,,,,,5,0.0536,0,151,0.66
13-Nov-18,81,1,0,0,100,0,0,6,0:00:32,39.66,,,,,,,,6,0.0535,0,115,4.35
20-Feb-23,55,1,0,0,100,0,0,8,0:00:22,41.67,36.36,,,,,,,16,0.0535,0,746,0.67
10-Sep-23,56,0,0,0,,0,0,10,0:00:18,32.59,50,,,,,,,16,0.0534,0,827,0.48
3-Aug-20,11,1,0,0,100,0,0,21,0:00:09,82.92,,,,,,,,21,0.0532,0,330,4.55
24-May-23,58,0,0,0,,0,0,7,0:00:26,45.53,27.27,,,,,,,15,0.0524,0,465,1.08
15-Oct-18,107,0,0,0,,0,0,3,0:01:02,58.73,,,,,,,,3,0.0524,0,38,2.63
23-Jan-20,147,0,0,0,,0,0,4,0:00:46,31.74,,,,,,,,4,0.0518,0,127,1.57
30-Jan-20,167,0,0,0,,0,0,7,0:00:26,15.67,,,,,,,,7,0.0509,0,107,4.67
30-Apr-19,41,0,0,0,,0,0,5,0:00:36,89.01,,,,,,,,5,0.0507,0,90,3.33
5-Feb-20,46,0,0,0,,0,0,4,0:00:44,96.2,,,,,,,,4,0.0492,0,81,2.47
5-Mar-21,40,0,0,0,,0,0,9,0:00:19,48.31,,,,,,,,9,0.0483,0,319,2.19
29-May-23,54,0,0,0,,0,0,5,0:00:32,60.6,23.08,,,,,,,13,0.0483,0,387,1.03
3-Nov-23,60,0,0,0,,0,0,6,0:00:27,45.23,30,,,,,,,13,0.048,0,452,0.22
25-Oct-18,1253,0,0,0,,0,0,3,0:00:57,4.58,,,,,,,,3,0.0478,0,36,8.33
,139,0,0,0,,2,0,5,0:00:33,24.36,,,,,,,,5,0.047,0,0,
8-Apr-21,2365,0,0,0,,0,0,5,0:00:33,1.41,,,,,,,,5,0.0462,0,74,1.35
31-May-19,157,0,0,0,,0,0,7,0:00:23,15.08,,,,,,,,7,0.046,0,155,1.29
,117,0,0,0,,1,0,2,0:01:21,69.8,,,,,,,,2,0.0454,0,5,0
21-Jun-18,80,0,0,0,,0,0,4,0:00:40,50.37,,,,,,,,4,0.0448,0,340,0.88
27-Feb-23,55,0,0,0,,0,0,12,0:00:12,23.03,62.5,,,,,,,16,0.044,0,654,0.61
12-Oct-20,3615,0,0,0,,0,0,3,0:00:52,1.46,,,,,,,,3,0.044,0,82,1.22
1-Mar-24,60,1,0,0,100,0,0,12,0:00:11,19.63,44.44,,,,,,,19,0.0429,0,618,0.16
23-Sep-24,70,0,0,0,,0,0,7,0:00:22,31.49,,,,,,,,7,0.0429,0,842,0.12
16-Jul-20,12,0,0,0,,0,0,16,0:00:09,80.23,,,,,,,,16,0.0428,0,245,3.67
6-Dec-18,52,0,0,0,,0,0,3,0:00:50,96.52,,,,,,,,3,0.0418,0,160,1.88
27-Mar-23,60,0,0,0,,0,0,7,0:00:20,34.79,33.33,,,,,,,12,0.0415,0,674,0.3
21-Mar-19,1213,0,0,0,,0,0,2,0:01:14,6.16,,,,,,,,2,0.0415,0,47,4.26
15-Mar-24,37,0,0,0,,0,0,10,0:00:13,37.19,29.17,,,,,,,17,0.0413,0,624,0.16
16-Aug-21,104,0,0,0,,0,0,5,0:00:29,28.31,,,,,,,,5,0.0409,0,504,0.2
13-Jan-20,225,0,0,0,,0,0,4,0:00:36,16.28,,,,,,,,4,0.0407,0,75,2.67
9-Apr-18,414,-1,0,0,100,0,0,3,0:00:48,11.64,,,,,,,,3,0.0401,0,70,4.29
19-Mar-24,16,0,0,0,,0,0,11,0:00:12,81.03,,,,,,,,11,0.0396,0,788,0.89
7-Feb-23,7211,0,0,0,,0,0,3,0:00:47,0.65,,,,,,,,3,0.0392,0,0,
5-Jul-18,1671,0,0,0,,0,0,3,0:00:46,2.77,,,,,,,,3,0.0385,0,26,7.69
17-Aug-23,2652,0,0,0,,0,0,8,0:00:17,0.65,,,,,,,,8,0.0383,0,246,2.03
,116,0,0,0,,0,0,2,0:01:08,59,,,,,,,,2,0.038,0,6,33.33
10-Dec-20,89,0,0,0,,0,0,3,0:00:44,50.16,,,,,,,,3,0.0372,0,181,1.1
10-Nov-23,56,0,0,0,,0,0,6,0:00:21,38.07,50,,,,,,,8,0.0366,0,299,1
1-Apr-21,116,0,0,0,,0,0,4,0:00:32,27.95,,,,,,,,4,0.036,0,243,1.23
22-Nov-17,103,0,0,0,,0,0,4,0:00:32,31.14,,,,,,,,4,0.0356,0,127,2.36
12-May-22,45,0,0,0,,0,0,5,0:00:25,56.98,,,,,,,,5,0.0356,0,439,0.46
31-Mar-21,94,0,0,0,,0,0,3,0:00:41,44.4,,,,,,,,3,0.0348,0,246,0
5-Jun-19,28,0,0,0,,0,0,7,0:00:17,63.84,,,,,,,,7,0.0348,0,381,1.57
7-Sep-22,67,0,0,0,,0,0,4,0:00:31,46.6,,,,,,,,4,0.0347,0,285,0.35
3-May-23,53,0,0,0,,0,0,8,0:00:15,28.4,,,,,,,,8,0.0334,0,516,1.36
,248,0,0,0,,0,0,1,0:01:55,46.38,,,,,,,,1,0.032,0,0,
29-Sep-20,110,0,0,0,,0,0,2,0:00:55,50.63,,,,,,,,2,0.0309,0,142,1.41
9-Feb-21,2886,0,0,0,,0,0,3,0:00:36,1.27,,,,,,,,3,0.0304,0,217,0.46
21-Jul-20,9,0,0,0,,0,0,13,0:00:08,90.69,,,,,,,,13,0.0295,0,244,3.28
24-Aug-20,12,0,0,0,,0,0,8,0:00:13,109.83,,,,,,,,8,0.0293,0,185,3.78
,100,0,0,0,,0,0,1,0:01:40,100,,,,,,,,1,0.0278,0,0,
,31,0,0,0,,1,0,3,0:00:33,107.49,100,,,,,,,5,0.0278,0,0,
5-Apr-21,55,0,0,0,,0,0,4,0:00:24,44.95,,,,,,,,4,0.0275,0,137,0
18-Oct-18,940,0,0,0,,0,0,3,0:00:32,3.5,,,,,,,,3,0.0274,0,37,8.11
16-Jan-24,60,0,0,0,,0,0,3,0:00:32,54.34,,,,,,,,3,0.0272,0,591,0.34
,78,0,0,0,,0,0,2,0:00:48,62.67,,,,,,,,2,0.0272,0,0,
5-Aug-20,8,0,0,0,,0,0,12,0:00:08,100.69,,,,,,,,12,0.0269,0,183,6.01
1-Apr-20,253,0,0,0,,0,0,3,0:00:31,12.64,,,,,,,,3,0.0267,0,155,1.29
24-Aug-20,14,0,0,0,,0,0,8,0:00:11,84.83,,,,,,,,8,0.0264,0,191,3.14
21-Oct-19,31,0,0,0,,0,0,3,0:00:30,98.45,,,,,,,,3,0.0254,0,105,1.9
19-Jul-18,1754,0,0,0,,0,0,5,0:00:18,1.04,,,,,,,,5,0.0254,0,33,3.03
2-Nov-18,103,0,0,0,,0,0,1,0:01:29,86.62,,,,,,,,1,0.0248,0,103,0.97
3-Jul-18,89,0,0,0,,0,0,5,0:00:17,19.88,,,,,,,,5,0.0246,0,102,2.94
27-Feb-20,76,0,0,0,,0,0,2,0:00:42,56.37,,,,,,,,2,0.0238,0,132,1.52
28-Jul-20,9,0,0,0,,0,0,7,0:00:12,135.68,,,,,,,,7,0.0237,0,160,2.5
2-Nov-20,11,0,0,0,,0,0,9,0:00:09,86.08,,,,,,,,9,0.0237,0,159,5.03
19-Oct-20,13,0,0,0,,0,0,10,0:00:08,65.52,,,,,,,,10,0.0237,0,179,3.35
7-Dec-18,71,0,0,-1,0,0,0,2,0:00:42,59.4,,,,,,,,2,0.0234,0,74,2.7
11-Jan-22,1808,0,0,0,,0,0,15,0:00:05,0.31,,,,,,,,15,0.0232,0,346,4.34
,16,0,0,0,,0,0,4,0:00:20,130.16,,,,,,,,4,0.0231,0,0,
5-Feb-19,22,0,0,0,,0,0,6,0:00:13,63.06,,,,,,,,6,0.0231,0,136,2.94
20-Apr-20,31,0,0,0,,0,0,6,0:00:13,43.84,,,,,,,,6,0.0227,0,312,1.92
15-Aug-18,36,0,0,0,,0,0,5,0:00:15,43.62,,,,,,,,5,0.0218,0,118,1.69
3-Oct-19,16,0,0,0,,0,0,5,0:00:15,95.65,,,,,,,,5,0.0213,0,254,1.18
24-Jan-19,850,0,0,0,,0,0,3,0:00:24,2.93,,,,,,,,3,0.0208,0,35,8.57
14-Jan-19,49,0,0,0,,0,0,2,0:00:37,75.81,,,,,,,,2,0.0206,0,47,4.26
3-Aug-20,6,0,0,0,,0,0,13,0:00:05,94.5,,,,,,,,13,0.0205,0,615,1.95
29-Sep-23,2565,0,0,0,,0,0,4,0:00:18,0.72,,,,,,,,4,0.0204,0,532,0.38
15-Dec-23,49,0,0,0,,0,0,4,0:00:15,32.04,25,,,,,,,10,0.0196,0,392,0.77
23-Feb-18,52,0,0,0,,0,0,1,0:01:10,134.68,,,,,,,,1,0.0195,0,69,0
8-Sep-20,16,0,0,0,,0,0,5,0:00:13,87.21,,,,,,,,5,0.0194,0,134,2.99
14-May-21,45,0,0,0,,0,0,3,0:00:22,49.49,,,,,,,,3,0.0186,0,200,1
11-Dec-20,3371,0,0,0,,0,0,1,0:01:05,1.95,,,,,,,,1,0.0183,0,88,1.14
,31,0,0,0,,0,0,6,0:00:10,34.9,,,,,,,,6,0.018,0,0,
24-Sep-19,68,0,0,0,,0,0,4,0:00:15,23.12,,,,,,,,4,0.0175,0,150,2
,72,0,0,0,,0,0,5,0:00:12,16.78,,,,,,,,5,0.0168,0,0,
,83,0,0,0,,0,0,1,0:00:58,70.19,,,,,,,,1,0.0162,0,0,
6-Apr-21,16,0,0,0,,0,0,6,0:00:09,60.19,,,,,,,,6,0.0161,0,302,1.99
6-Mar-18,16,0,0,0,,0,0,5,0:00:11,72.11,,,,,,,,5,0.016,0,360,1.39
14-Oct-22,1737,0,0,0,,0,0,13,0:00:04,0.25,,,,,,,,13,0.0158,0,462,2.81